id;name;phone;address;created_at;update_at;date_of_birth
1;shriek;1-578-904-;round calendar criminal;2024-07-17T16:55:42;2024-07-18T12:32:44;2024-07-18T07:07:38
2;nourishment custard creolise;(485) 537-;righteously soggy;2024-07-18T03:24:19;2024-07-18T04:25:52;2024-07-18T12:34:23
3;feisty;(393) 666-;rupture supposing or;2024-07-18T14:43:16;2024-07-18T15:19:42;2024-07-18T09:38:38
4;utterly yowza;444-310-20;indeed given;2024-07-18T11:37:08;2024-07-17T20:45:35;2024-07-18T10:43:37
5;wonderfully eek phooey;254-893-72;however;2024-07-18T12:56:30;2024-07-17T17:23:53;2024-07-18T13:55:02
6;once panic pfft;734-526-32;yieldingly whose provided;2024-07-18T07:46:42;2024-07-18T07:52:17;2024-07-18T07:04:18
7;coarse fluff;492.494.13;ox till;2024-07-18T08:42:40;2024-07-18T11:59:46;2024-07-17T22:21:52
8;ouch outside;722.844.26;ack duel headquarters;2024-07-18T15:45:36;2024-07-17T23:38:55;2024-07-18T01:32:38
9;innocent yet carelessly;763-781-15;which oof sealift;2024-07-18T06:11:40;2024-07-18T04:12:12;2024-07-17T21:17:12
10;for arrive;203.857.12;constant;2024-07-17T17:06:59;2024-07-18T01:19:22;2024-07-18T07:28:39
